[
  {
    "region": "Region I (Ilocos Region)",
    "provinces": [
      {
        "province": "Ilocos Norte",
        "cities": [
          "Adams",
          "Bacarra",
          "Badoc",
          "Bangui",
          "City of Batac",
          "Burgos",
          "Carasi",
          "Currimao",
          "Dingras",
          "Dumalneg",
          "Banna",
          "City of Laoag ",
          "Marcos",
          "Nueva Era",
          "Pagudpud",
          "Paoay",
          "Pasuquin",
          "Piddig",
          "Pinili",
          "San Nicolas",
          "Sarrat",
          "Solsona",
          "Vintar"
        ]
      },
      {
        "province": "Ilocos Sur",
        "cities": [
          "Alilem",
          "Banayoyo",
          "Bantay",
          "Burgos",
          "Cabugao",
          "City of Candon",
          "Caoayan",
          "Cervantes",
          "Galimuyod",
          "Gregorio del Pilar",
          "Lidlidda",
          "Magsingal",
          "Nagbukel",
          "Narvacan",
          "Quirino",
          "Salcedo",
          "San Emilio",
          "San Esteban",
          "San Ildefonso",
          "San Juan",
          "San Vicente",
          "Santa",
          "Santa Catalina",
          "Santa Cruz",
          "Santa Lucia",
          "Santa Maria",
          "Santiago",
          "Santo Domingo",
          "Sigay",
          "Sinait",
          "Sugpon",
          "Suyo",
          "Tagudin",
          "City of Vigan "
        ]
      },
      {
        "province": "La Union",
        "cities": [
          "Agoo",
          "Aringay",
          "Bacnotan",
          "Bagulin",
          "Balaoan",
          "Bangar",
          "Bauang",
          "Burgos",
          "Caba",
          "Luna",
          "Naguilian",
          "Pugo",
          "Rosario",
          "City of San Fernando ",
          "San Gabriel",
          "San Juan",
          "Santo Tomas",
          "Santol",
          "Sudipen",
          "Tubao"
        ]
      },
      {
        "province": "Pangasinan",
        "cities": [
          "Agno",
          "Aguilar",
          "City of Alaminos",
          "Alcala",
          "Anda",
          "Asingan",
          "Balungao",
          "Bani",
          "Basista",
          "Bautista",
          "Bayambang",
          "Binalonan",
          "Binmaley",
          "Bolinao",
          "Bugallon",
          "Burgos",
          "Calasiao",
          "City of Dagupan",
          "Dasol",
          "Infanta",
          "Labrador",
          "Lingayen ",
          "Mabini",
          "Malasiqui",
          "Manaoag",
          "Mangaldan",
          "Mangatarem",
          "Mapandan",
          "Natividad",
          "Pozorrubio",
          "Rosales",
          "City of San Carlos",
          "San Fabian",
          "San Jacinto",
          "San Manuel",
          "San Nicolas",
          "San Quintin",
          "Santa Barbara",
          "Santa Maria",
          "Santo Tomas",
          "Sison",
          "Sual",
          "Tayug",
          "Umingan",
          "Urbiztondo",
          "City of Urdaneta",
          "Villasis",
          "Laoac"
        ]
      }
    ]
  },
  {
    "region": "Region II (Cagayan Valley)",
    "provinces": [
      {
        "province": "Batanes",
        "cities": ["Basco ", "Itbayat", "Ivana", "Mahatao", "Sabtang", "Uyugan"]
      },
      {
        "province": "Cagayan",
        "cities": [
          "Abulug",
          "Alcala",
          "Allacapan",
          "Amulung",
          "Aparri",
          "Baggao",
          "Ballesteros",
          "Buguey",
          "Calayan",
          "Camalaniugan",
          "Claveria",
          "Enrile",
          "Gattaran",
          "Gonzaga",
          "Iguig",
          "Lal-Lo",
          "Lasam",
          "Pamplona",
          "Peñablanca",
          "Piat",
          "Rizal",
          "Sanchez-Mira",
          "Santa Ana",
          "Santa Praxedes",
          "Santa Teresita",
          "Santo Niño",
          "Solana",
          "Tuao",
          "Tuguegarao City "
        ]
      },
      {
        "province": "Isabela",
        "cities": [
          "Alicia",
          "Angadanan",
          "Aurora",
          "Benito Soliven",
          "Burgos",
          "Cabagan",
          "Cabatuan",
          "City of Cauayan",
          "Cordon",
          "Dinapigue",
          "Divilacan",
          "Echague",
          "Gamu",
          "City of Ilagan ",
          "Jones",
          "Luna",
          "Maconacon",
          "Delfin Albano",
          "Mallig",
          "Naguilian",
          "Palanan",
          "Quezon",
          "Quirino",
          "Ramon",
          "Reina Mercedes",
          "Roxas",
          "San Agustin",
          "San Guillermo",
          "San Isidro",
          "San Manuel",
          "San Mariano",
          "San Mateo",
          "San Pablo",
          "Santa Maria",
          "City of Santiago",
          "Santo Tomas",
          "Tumauini"
        ]
      },
      {
        "province": "Nueva Vizcaya",
        "cities": [
          "Ambaguio",
          "Aritao",
          "Bagabag",
          "Bambang",
          "Bayombong ",
          "Diadi",
          "Dupax del Norte",
          "Dupax del Sur",
          "Kasibu",
          "Kayapa",
          "Quezon",
          "Santa Fe",
          "Solano",
          "Villaverde",
          "Alfonso Castaneda"
        ]
      },
      {
        "province": "Quirino",
        "cities": [
          "Aglipay",
          "Cabarroguis ",
          "Diffun",
          "Maddela",
          "Saguday",
          "Nagtipunan"
        ]
      }
    ]
  },
  {
    "region": "Region III (Central Luzon)",
    "provinces": [
      {
        "province": "Bataan",
        "cities": [
          "Abucay",
          "Bagac",
          "City of Balanga ",
          "Dinalupihan",
          "Hermosa",
          "Limay",
          "Mariveles",
          "Morong",
          "Orani",
          "Orion",
          "Pilar",
          "Samal"
        ]
      },
      {
        "province": "Bulacan",
        "cities": [
          "Angat",
          "Balagtas",
          "City of Baliwag",
          "Bocaue",
          "Bulacan",
          "Bustos",
          "Calumpit",
          "Guiguinto",
          "Hagonoy",
          "City of Malolos ",
          "Marilao",
          "City of Meycauayan",
          "Norzagaray",
          "Obando",
          "Pandi",
          "Paombong",
          "Plaridel",
          "Pulilan",
          "San Ildefonso",
          "City of San Jose Del Monte",
          "San Miguel",
          "San Rafael",
          "Santa Maria",
          "Doña Remedios Trinidad"
        ]
      },
      {
        "province": "Nueva Ecija",
        "cities": [
          "Aliaga",
          "Bongabon",
          "City of Cabanatuan",
          "Cabiao",
          "Carranglan",
          "Cuyapo",
          "Gabaldon",
          "City of Gapan",
          "General Mamerto Natividad",
          "General Tinio",
          "Guimba",
          "Jaen",
          "Laur",
          "Licab",
          "Llanera",
          "Lupao",
          "Science City of Muñoz",
          "Nampicuan",
          "City of Palayan ",
          "Pantabangan",
          "Peñaranda",
          "Quezon",
          "Rizal",
          "San Antonio",
          "San Isidro",
          "San Jose City",
          "San Leonardo",
          "Santa Rosa",
          "Santo Domingo",
          "Talavera",
          "Talugtug",
          "Zaragoza"
        ]
      },
      {
        "province": "Pampanga",
        "cities": [
          "City of Angeles",
          "Apalit",
          "Arayat",
          "Bacolor",
          "Candaba",
          "Floridablanca",
          "Guagua",
          "Lubao",
          "Mabalacat City",
          "Macabebe",
          "Magalang",
          "Masantol",
          "Mexico",
          "Minalin",
          "Porac",
          "City of San Fernando ",
          "San Luis",
          "San Simon",
          "Santa Ana",
          "Santa Rita",
          "Sto. Tomas",
          "Sasmuan"
        ]
      },
      {
        "province": "Tarlac",
        "cities": [
          "Anao",
          "Bamban",
          "Camiling",
          "Capas",
          "Concepcion",
          "Gerona",
          "La Paz",
          "Mayantoc",
          "Moncada",
          "Paniqui",
          "Pura",
          "Ramos",
          "San Clemente",
          "San Manuel",
          "Santa Ignacia",
          "City of Tarlac ",
          "Victoria",
          "San Jose"
        ]
      },
      {
        "province": "Zambales",
        "cities": [
          "Botolan",
          "Cabangan",
          "Candelaria",
          "Castillejos",
          "Iba ",
          "Masinloc",
          "City of Olongapo",
          "Palauig",
          "San Antonio",
          "San Felipe",
          "San Marcelino",
          "San Narciso",
          "Santa Cruz",
          "Subic"
        ]
      },
      {
        "province": "Aurora",
        "cities": [
          "Baler ",
          "Casiguran",
          "Dilasag",
          "Dinalungan",
          "Dingalan",
          "Dipaculao",
          "Maria Aurora",
          "San Luis"
        ]
      }
    ]
  },
  {
    "region": "Region IV-A (CALABARZON)",
    "provinces": [
      {
        "province": "Batangas",
        "cities": [
          "Agoncillo",
          "Alitagtag",
          "Balayan",
          "Balete",
          "Batangas City ",
          "Bauan",
          "City of Calaca",
          "Calatagan",
          "Cuenca",
          "Ibaan",
          "Laurel",
          "Lemery",
          "Lian",
          "City of Lipa",
          "Lobo",
          "Mabini",
          "Malvar",
          "Mataasnakahoy",
          "Nasugbu",
          "Padre Garcia",
          "Rosario",
          "San Jose",
          "San Juan",
          "San Luis",
          "San Nicolas",
          "San Pascual",
          "Santa Teresita",
          "City of Sto. Tomas",
          "Taal",
          "Talisay",
          "City of Tanauan",
          "Taysan",
          "Tingloy",
          "Tuy"
        ]
      },
      {
        "province": "Cavite",
        "cities": [
          "Alfonso",
          "Amadeo",
          "City of Bacoor",
          "Carmona",
          "City of Cavite",
          "City of Dasmariñas",
          "General Emilio Aguinaldo",
          "City of General Trias",
          "City of Imus",
          "Indang",
          "Kawit",
          "Magallanes",
          "Maragondon",
          "Mendez",
          "Naic",
          "Noveleta",
          "Rosario",
          "Silang",
          "City of Tagaytay",
          "Tanza",
          "Ternate",
          "City of Trece Martires ",
          "Gen. Mariano Alvarez"
        ]
      },
      {
        "province": "Laguna",
        "cities": [
          "Alaminos",
          "Bay",
          "City of Biñan",
          "City of Cabuyao",
          "City of Calamba",
          "Calauan",
          "Cavinti",
          "Famy",
          "Kalayaan",
          "Liliw",
          "Los Baños",
          "Luisiana",
          "Lumban",
          "Mabitac",
          "Magdalena",
          "Majayjay",
          "Nagcarlan",
          "Paete",
          "Pagsanjan",
          "Pakil",
          "Pangil",
          "Pila",
          "Rizal",
          "City of San Pablo",
          "City of San Pedro",
          "Santa Cruz ",
          "Santa Maria",
          "City of Santa Rosa",
          "Siniloan",
          "Victoria"
        ]
      },
      {
        "province": "Quezon",
        "cities": [
          "Agdangan",
          "Alabat",
          "Atimonan",
          "Buenavista",
          "Burdeos",
          "Calauag",
          "Candelaria",
          "Catanauan",
          "Dolores",
          "General Luna",
          "General Nakar",
          "Guinayangan",
          "Gumaca",
          "Infanta",
          "Jomalig",
          "Lopez",
          "Lucban",
          "City of Lucena ",
          "Macalelon",
          "Mauban",
          "Mulanay",
          "Padre Burgos",
          "Pagbilao",
          "Panukulan",
          "Patnanungan",
          "Perez",
          "Pitogo",
          "Plaridel",
          "Polillo",
          "Quezon",
          "Real",
          "Sampaloc",
          "San Andres",
          "San Antonio",
          "San Francisco",
          "San Narciso",
          "Sariaya",
          "Tagkawayan",
          "City of Tayabas",
          "Tiaong",
          "Unisan"
        ]
      },
      {
        "province": "Rizal",
        "cities": [
          "Angono",
          "City of Antipolo ",
          "Baras",
          "Binangonan",
          "Cainta",
          "Cardona",
          "Jala-Jala",
          "Rodriguez",
          "Morong",
          "Pililla",
          "San Mateo",
          "Tanay",
          "Taytay",
          "Teresa"
        ]
      }
    ]
  },
  {
    "region": "MIMAROPA Region",
    "provinces": [
      {
        "province": "Marinduque",
        "cities": [
          "Boac ",
          "Buenavista",
          "Gasan",
          "Mogpog",
          "Santa Cruz",
          "Torrijos"
        ]
      },
      {
        "province": "Occidental Mindoro",
        "cities": [
          "Abra De Ilog",
          "Calintaan",
          "Looc",
          "Lubang",
          "Magsaysay",
          "Mamburao ",
          "Paluan",
          "Rizal",
          "Sablayan",
          "San Jose",
          "Santa Cruz"
        ]
      },
      {
        "province": "Oriental Mindoro",
        "cities": [
          "Baco",
          "Bansud",
          "Bongabong",
          "Bulalacao",
          "City of Calapan ",
          "Gloria",
          "Mansalay",
          "Naujan",
          "Pinamalayan",
          "Pola",
          "Puerto Galera",
          "Roxas",
          "San Teodoro",
          "Socorro",
          "Victoria"
        ]
      },
      {
        "province": "Palawan",
        "cities": [
          "Aborlan",
          "Agutaya",
          "Araceli",
          "Balabac",
          "Bataraza",
          "Brooke'S Point",
          "Busuanga",
          "Cagayancillo",
          "Coron",
          "Cuyo",
          "Dumaran",
          "El Nido",
          "Linapacan",
          "Magsaysay",
          "Narra",
          "City of Puerto Princesa ",
          "Quezon",
          "Roxas",
          "San Vicente",
          "Taytay",
          "Kalayaan",
          "Culion",
          "Rizal",
          "Sofronio Española"
        ]
      },
      {
        "province": "Romblon",
        "cities": [
          "Alcantara",
          "Banton",
          "Cajidiocan",
          "Calatrava",
          "Concepcion",
          "Corcuera",
          "Looc",
          "Magdiwang",
          "Odiongan",
          "Romblon ",
          "San Agustin",
          "San Andres",
          "San Fernando",
          "San Jose",
          "Santa Fe",
          "Ferrol",
          "Santa Maria"
        ]
      }
    ]
  },
  {
    "region": "Region V (Bicol Region)",
    "provinces": [
      {
        "province": "Albay",
        "cities": [
          "Bacacay",
          "Camalig",
          "Daraga",
          "Guinobatan",
          "Jovellar",
          "City of Legazpi ",
          "Libon",
          "City of Ligao",
          "Malilipot",
          "Malinao",
          "Manito",
          "Oas",
          "Pio Duran",
          "Polangui",
          "Rapu-Rapu",
          "Santo Domingo",
          "City of Tabaco",
          "Tiwi"
        ]
      },
      {
        "province": "Camarines Norte",
        "cities": [
          "Basud",
          "Capalonga",
          "Daet ",
          "San Lorenzo Ruiz",
          "Jose Panganiban",
          "Labo",
          "Mercedes",
          "Paracale",
          "San Vicente",
          "Santa Elena",
          "Talisay",
          "Vinzons"
        ]
      },
      {
        "province": "Camarines Sur",
        "cities": [
          "Baao",
          "Balatan",
          "Bato",
          "Bombon",
          "Buhi",
          "Bula",
          "Cabusao",
          "Calabanga",
          "Camaligan",
          "Canaman",
          "Caramoan",
          "Del Gallego",
          "Gainza",
          "Garchitorena",
          "Goa",
          "City of Iriga",
          "Lagonoy",
          "Libmanan",
          "Lupi",
          "Magarao",
          "Milaor",
          "Minalabac",
          "Nabua",
          "City of Naga",
          "Ocampo",
          "Pamplona",
          "Pasacao",
          "Pili ",
          "Presentacion",
          "Ragay",
          "Sagñay",
          "San Fernando",
          "San Jose",
          "Sipocot",
          "Siruma",
          "Tigaon",
          "Tinambac"
        ]
      },
      {
        "province": "Catanduanes",
        "cities": [
          "Bagamanoc",
          "Baras",
          "Bato",
          "Caramoran",
          "Gigmoto",
          "Pandan",
          "Panganiban",
          "San Andres",
          "San Miguel",
          "Viga",
          "Virac "
        ]
      },
      {
        "province": "Masbate",
        "cities": [
          "Aroroy",
          "Baleno",
          "Balud",
          "Batuan",
          "Cataingan",
          "Cawayan",
          "Claveria",
          "Dimasalang",
          "Esperanza",
          "Mandaon",
          "City of Masbate ",
          "Milagros",
          "Mobo",
          "Monreal",
          "Palanas",
          "Pio V. Corpus",
          "Placer",
          "San Fernando",
          "San Jacinto",
          "San Pascual",
          "Uson"
        ]
      },
      {
        "province": "Sorsogon",
        "cities": [
          "Barcelona",
          "Bulan",
          "Bulusan",
          "Casiguran",
          "Castilla",
          "Donsol",
          "Gubat",
          "Irosin",
          "Juban",
          "Magallanes",
          "Matnog",
          "Pilar",
          "Prieto Diaz",
          "Santa Magdalena",
          "City of Sorsogon "
        ]
      }
    ]
  },
  {
    "region": "Region VI (Western Visayas)",
    "provinces": [
      {
        "province": "Aklan",
        "cities": [
          "Altavas",
          "Balete",
          "Banga",
          "Batan",
          "Buruanga",
          "Ibajay",
          "Kalibo ",
          "Lezo",
          "Libacao",
          "Madalag",
          "Makato",
          "Malay",
          "Malinao",
          "Nabas",
          "New Washington",
          "Numancia",
          "Tangalan"
        ]
      },
      {
        "province": "Antique",
        "cities": [
          "Anini-Y",
          "Barbaza",
          "Belison",
          "Bugasong",
          "Caluya",
          "Culasi",
          "Tobias Fornier",
          "Hamtic",
          "Laua-An",
          "Libertad",
          "Pandan",
          "Patnongon",
          "San Jose ",
          "San Remigio",
          "Sebaste",
          "Sibalom",
          "Tibiao",
          "Valderrama"
        ]
      },
      {
        "province": "Capiz",
        "cities": [
          "Cuartero",
          "Dao",
          "Dumalag",
          "Dumarao",
          "Ivisan",
          "Jamindan",
          "Ma-Ayon",
          "Mambusao",
          "Panay",
          "Panitan",
          "Pilar",
          "Pontevedra",
          "President Roxas",
          "City of Roxas ",
          "Sapi-An",
          "Sigma",
          "Tapaz"
        ]
      },
      {
        "province": "Iloilo",
        "cities": [
          "Ajuy",
          "Alimodian",
          "Anilao",
          "Badiangan",
          "Balasan",
          "Banate",
          "Barotac Nuevo",
          "Barotac Viejo",
          "Batad",
          "Bingawan",
          "Cabatuan",
          "Calinog",
          "Carles",
          "Concepcion",
          "Dingle",
          "Dueñas",
          "Dumangas",
          "Estancia",
          "Guimbal",
          "Igbaras",
          "City of Iloilo ",
          "Janiuay",
          "Lambunao",
          "Leganes",
          "Lemery",
          "Leon",
          "Maasin",
          "Miagao",
          "Mina",
          "New Lucena",
          "Oton",
          "City of Passi",
          "Pavia",
          "Pototan",
          "San Dionisio",
          "San Enrique",
          "San Joaquin",
          "San Miguel",
          "San Rafael",
          "Santa Barbara",
          "Sara",
          "Tigbauan",
          "Tubungan",
          "Zarraga"
        ]
      },
      {
        "province": "Negros Occidental",
        "cities": [
          "City of Bacolod ",
          "City of Bago",
          "Binalbagan",
          "City of Cadiz",
          "Calatrava",
          "Candoni",
          "Cauayan",
          "Enrique B. Magalona",
          "City of Escalante",
          "City of Himamaylan",
          "Hinigaran",
          "Hinoba-an",
          "Ilog",
          "Isabela",
          "City of Kabankalan",
          "City of La Carlota",
          "La Castellana",
          "Manapla",
          "Moises Padilla",
          "Murcia",
          "Pontevedra",
          "Pulupandan",
          "City of Sagay",
          "City of San Carlos",
          "San Enrique",
          "City of Silay",
          "City of Sipalay",
          "City of Talisay",
          "Toboso",
          "Valladolid",
          "City of Victorias",
          "Salvador Benedicto"
        ]
      },
      {
        "province": "Guimaras",
        "cities": [
          "Buenavista",
          "Jordan ",
          "Nueva Valencia",
          "San Lorenzo",
          "Sibunag"
        ]
      }
    ]
  },
  {
    "region": "Region VII (Central Visayas)",
    "provinces": [
      {
        "province": "Bohol",
        "cities": [
          "Alburquerque",
          "Alicia",
          "Anda",
          "Antequera",
          "Baclayon",
          "Balilihan",
          "Batuan",
          "Bilar",
          "Buenavista",
          "Calape",
          "Candijay",
          "Carmen",
          "Catigbian",
          "Clarin",
          "Corella",
          "Cortes",
          "Dagohoy",
          "Danao",
          "Dauis",
          "Dimiao",
          "Duero",
          "Garcia Hernandez",
          "Guindulman",
          "Inabanga",
          "Jagna",
          "Getafe",
          "Lila",
          "Loay",
          "Loboc",
          "Loon",
          "Mabini",
          "Maribojoc",
          "Panglao",
          "Pilar",
          "President Carlos P. Garcia",
          "Sagbayan",
          "San Isidro",
          "San Miguel",
          "Sevilla",
          "Sierra Bullones",
          "Sikatuna",
          "City of Tagbilaran ",
          "Talibon",
          "Trinidad",
          "Tubigon",
          "Ubay",
          "Valencia",
          "Bien Unido"
        ]
      },
      {
        "province": "Cebu",
        "cities": [
          "Alcantara",
          "Alcoy",
          "Alegria",
          "Aloguinsan",
          "Argao",
          "Asturias",
          "Badian",
          "Balamban",
          "Bantayan",
          "Barili",
          "City of Bogo",
          "Boljoon",
          "Borbon",
          "City of Carcar",
          "Carmen",
          "Catmon",
          "City of Cebu ",
          "Compostela",
          "Consolacion",
          "Cordova",
          "Daanbantayan",
          "Dalaguete",
          "Danao City",
          "Dumanjug",
          "Ginatilan",
          "City of Lapu-Lapu",
          "Liloan",
          "Madridejos",
          "Malabuyoc",
          "City of Mandaue",
          "Medellin",
          "Minglanilla",
          "Moalboal",
          "City of Naga",
          "Oslob",
          "Pilar",
          "Pinamungajan",
          "Poro",
          "Ronda",
          "Samboan",
          "San Fernando",
          "San Francisco",
          "San Remigio",
          "Santa Fe",
          "Santander",
          "Sibonga",
          "Sogod",
          "Tabogon",
          "Tabuelan",
          "City of Talisay",
          "City of Toledo",
          "Tuburan",
          "Tudela"
        ]
      },
      {
        "province": "Negros Oriental",
        "cities": [
          "Amlan",
          "Ayungon",
          "Bacong",
          "City of Bais",
          "Basay",
          "City of Bayawan",
          "Bindoy",
          "City of Canlaon",
          "Dauin",
          "City of Dumaguete ",
          "City of Guihulngan",
          "Jimalalud",
          "La Libertad",
          "Mabinay",
          "Manjuyod",
          "Pamplona",
          "San Jose",
          "Santa Catalina",
          "Siaton",
          "Sibulan",
          "City of Tanjay",
          "Tayasan",
          "Valencia",
          "Vallehermoso",
          "Zamboanguita"
        ]
      },
      {
        "province": "Siquijor",
        "cities": [
          "Enrique Villanueva",
          "Larena",
          "Lazi",
          "Maria",
          "San Juan",
          "Siquijor "
        ]
      }
    ]
  },
  {
    "region": "Region VIII (Eastern Visayas)",
    "provinces": [
      {
        "province": "Eastern Samar",
        "cities": [
          "Arteche",
          "Balangiga",
          "Balangkayan",
          "City of Borongan ",
          "Can-Avid",
          "Dolores",
          "General Macarthur",
          "Giporlos",
          "Guiuan",
          "Hernani",
          "Jipapad",
          "Lawaan",
          "Llorente",
          "Maslog",
          "Maydolong",
          "Mercedes",
          "Oras",
          "Quinapondan",
          "Salcedo",
          "San Julian",
          "San Policarpo",
          "Sulat",
          "Taft"
        ]
      },
      {
        "province": "Leyte",
        "cities": [
          "Abuyog",
          "Alangalang",
          "Albuera",
          "Babatngon",
          "Barugo",
          "Bato",
          "City of Baybay",
          "Burauen",
          "Calubian",
          "Capoocan",
          "Carigara",
          "Dagami",
          "Dulag",
          "Hilongos",
          "Hindang",
          "Inopacan",
          "Isabel",
          "Jaro",
          "Javier",
          "Julita",
          "Kananga",
          "La Paz",
          "Leyte",
          "Macarthur",
          "Mahaplag",
          "Matag-Ob",
          "Matalom",
          "Mayorga",
          "Merida",
          "Ormoc City",
          "Palo",
          "Palompon",
          "Pastrana",
          "San Isidro",
          "San Miguel",
          "Santa Fe",
          "Tabango",
          "Tabontabon",
          "City of Tacloban ",
          "Tanauan",
          "Tolosa",
          "Tunga",
          "Villaba"
        ]
      },
      {
        "province": "Northern Samar",
        "cities": [
          "Allen",
          "Biri",
          "Bobon",
          "Capul",
          "Catarman ",
          "Catubig",
          "Gamay",
          "Laoang",
          "Lapinig",
          "Las Navas",
          "Lavezares",
          "Mapanas",
          "Mondragon",
          "Palapag",
          "Pambujan",
          "Rosario",
          "San Antonio",
          "San Isidro",
          "San Jose",
          "San Roque",
          "San Vicente",
          "Silvino Lobos",
          "Victoria",
          "Lope De Vega"
        ]
      },
      {
        "province": "Samar",
        "cities": [
          "Almagro",
          "Basey",
          "City of Calbayog",
          "Calbiga",
          "City of Catbalogan ",
          "Daram",
          "Gandara",
          "Hinabangan",
          "Jiabong",
          "Marabut",
          "Matuguinao",
          "Motiong",
          "Pinabacdao",
          "San Jose De Buan",
          "San Sebastian",
          "Santa Margarita",
          "Santa Rita",
          "Santo Niño",
          "Talalora",
          "Tarangnan",
          "Villareal",
          "Paranas",
          "Zumarraga",
          "Tagapul-An",
          "San Jorge",
          "Pagsanghan"
        ]
      },
      {
        "province": "Southern Leyte",
        "cities": [
          "Anahawan",
          "Bontoc",
          "Hinunangan",
          "Hinundayan",
          "Libagon",
          "Liloan",
          "City of Maasin ",
          "Macrohon",
          "Malitbog",
          "Padre Burgos",
          "Pintuyan",
          "Saint Bernard",
          "San Francisco",
          "San Juan",
          "San Ricardo",
          "Silago",
          "Sogod",
          "Tomas Oppus",
          "Limasawa"
        ]
      },
      {
        "province": "Biliran",
        "cities": [
          "Almeria",
          "Biliran",
          "Cabucgayan",
          "Caibiran",
          "Culaba",
          "Kawayan",
          "Maripipi",
          "Naval "
        ]
      }
    ]
  },
  {
    "region": "Region IX (Zamboanga Peninsula)",
    "provinces": [
      {
        "province": "Zamboanga del Norte",
        "cities": [
          "City of Dapitan",
          "City of Dipolog ",
          "Katipunan",
          "La Libertad",
          "Labason",
          "Liloy",
          "Manukan",
          "Mutia",
          "Piñan",
          "Polanco",
          "Pres. Manuel A. Roxas",
          "Rizal",
          "Salug",
          "Sergio Osmeña Sr.",
          "Siayan",
          "Sibuco",
          "Sibutad",
          "Sindangan",
          "Siocon",
          "Sirawai",
          "Tampilisan",
          "Jose Dalman",
          "Gutalac",
          "Baliguian",
          "Godod",
          "Bacungan",
          "Kalawit"
        ]
      },
      {
        "province": "Zamboanga del Sur",
        "cities": [
          "Aurora",
          "Bayog",
          "Dimataling",
          "Dinas",
          "Dumalinao",
          "Dumingag",
          "Kumalarang",
          "Labangan",
          "Lapuyan",
          "Mahayag",
          "Margosatubig",
          "Midsalip",
          "Molave",
          "City of Pagadian ",
          "Ramon Magsaysay",
          "San Miguel",
          "San Pablo",
          "Tabina",
          "Tambulig",
          "Tukuran",
          "City of Zamboanga",
          "Lakewood",
          "Josefina",
          "Pitogo",
          "Sominot",
          "Vincenzo A. Sagun",
          "Guipos",
          "Tigbao"
        ]
      },
      {
        "province": "Zamboanga Sibugay",
        "cities": [
          "Alicia",
          "Buug",
          "Diplahan",
          "Imelda",
          "Ipil ",
          "Kabasalan",
          "Mabuhay",
          "Malangas",
          "Naga",
          "Olutanga",
          "Payao",
          "Roseller Lim",
          "Siay",
          "Talusan",
          "Titay",
          "Tungawan",
          "City of Isabela"
        ]
      }
    ]
  },
  {
    "region": "Region X (Northern Mindanao)",
    "provinces": [
      {
        "province": "Bukidnon",
        "cities": [
          "Baungon",
          "Damulog",
          "Dangcagan",
          "Don Carlos",
          "Impasug-ong",
          "Kadingilan",
          "Kalilangan",
          "Kibawe",
          "Kitaotao",
          "Lantapan",
          "Libona",
          "City of Malaybalay ",
          "Malitbog",
          "Manolo Fortich",
          "Maramag",
          "Pangantucan",
          "Quezon",
          "San Fernando",
          "Sumilao",
          "Talakag",
          "City of Valencia",
          "Cabanglasan"
        ]
      },
      {
        "province": "Camiguin",
        "cities": ["Catarman", "Guinsiliban", "Mahinog", "Mambajao ", "Sagay"]
      },
      {
        "province": "Lanao del Norte",
        "cities": [
          "Bacolod",
          "Baloi",
          "Baroy",
          "City of Iligan",
          "Kapatagan",
          "Sultan Naga Dimaporo",
          "Kauswagan",
          "Kolambugan",
          "Lala",
          "Linamon",
          "Magsaysay",
          "Maigo",
          "Matungao",
          "Munai",
          "Nunungan",
          "Pantao Ragat",
          "Poona Piagapo",
          "Salvador",
          "Sapad",
          "Tagoloan",
          "Tangcal",
          "Tubod ",
          "Pantar"
        ]
      },
      {
        "province": "Misamis Occidental",
        "cities": [
          "Aloran",
          "Baliangao",
          "Bonifacio",
          "Calamba",
          "Clarin",
          "Concepcion",
          "Jimenez",
          "Lopez Jaena",
          "City of Oroquieta ",
          "City of Ozamiz",
          "Panaon",
          "Plaridel",
          "Sapang Dalaga",
          "Sinacaban",
          "City of Tangub",
          "Tudela",
          "Don Victoriano Chiongbian"
        ]
      },
      {
        "province": "Misamis Oriental",
        "cities": [
          "Alubijid",
          "Balingasag",
          "Balingoan",
          "Binuangan",
          "City of Cagayan De Oro ",
          "Claveria",
          "City of El Salvador",
          "City of Gingoog",
          "Gitagum",
          "Initao",
          "Jasaan",
          "Kinoguitan",
          "Lagonglong",
          "Laguindingan",
          "Libertad",
          "Lugait",
          "Magsaysay",
          "Manticao",
          "Medina",
          "Naawan",
          "Opol",
          "Salay",
          "Sugbongcogon",
          "Tagoloan",
          "Talisayan",
          "Villanueva"
        ]
      }
    ]
  },
  {
    "region": "Region XI (Davao Region)",
    "provinces": [
      {
        "province": "Davao del Norte",
        "cities": [
          "Asuncion",
          "Carmen",
          "Kapalong",
          "New Corella",
          "City of Panabo",
          "Island Garden City of Samal",
          "Santo Tomas",
          "City of Tagum ",
          "Talaingod",
          "Braulio E. Dujali",
          "San Isidro"
        ]
      },
      {
        "province": "Davao del Sur",
        "cities": [
          "Bansalan",
          "City of Davao",
          "City of Digos ",
          "Hagonoy",
          "Kiblawan",
          "Magsaysay",
          "Malalag",
          "Matanao",
          "Padada",
          "Santa Cruz",
          "Sulop"
        ]
      },
      {
        "province": "Davao Oriental",
        "cities": [
          "Baganga",
          "Banaybanay",
          "Boston",
          "Caraga",
          "Cateel",
          "Governor Generoso",
          "Lupon",
          "Manay",
          "City of Mati ",
          "San Isidro",
          "Tarragona"
        ]
      },
      {
        "province": "Davao de Oro",
        "cities": [
          "Compostela",
          "Laak",
          "Mabini",
          "Maco",
          "Maragusan",
          "Mawab",
          "Monkayo",
          "Montevista",
          "Nabunturan ",
          "New Bataan",
          "Pantukan"
        ]
      },
      {
        "province": "Davao Occidental",
        "cities": [
          "Don Marcelino",
          "Jose Abad Santos",
          "Malita ",
          "Santa Maria",
          "Sarangani"
        ]
      }
    ]
  },
  {
    "region": "Region XII (SOCCSKSARGEN)",
    "provinces": [
      {
        "province": "Cotabato",
        "cities": [
          "Alamada",
          "Carmen",
          "Kabacan",
          "City of Kidapawan ",
          "Libungan",
          "Magpet",
          "Makilala",
          "Matalam",
          "Midsayap",
          "M'Lang",
          "Pigkawayan",
          "Pikit",
          "President Roxas",
          "Tulunan",
          "Antipas",
          "Banisilan",
          "Aleosan",
          "Arakan"
        ]
      },
      {
        "province": "South Cotabato",
        "cities": [
          "Banga",
          "City of General Santos",
          "City of Koronadal ",
          "Norala",
          "Polomolok",
          "Surallah",
          "Tampakan",
          "Tantangan",
          "T'Boli",
          "Tupi",
          "Santo Niño",
          "Lake Sebu"
        ]
      },
      {
        "province": "Sultan Kudarat",
        "cities": [
          "Bagumbayan",
          "Columbio",
          "Esperanza",
          "Isulan ",
          "Kalamansig",
          "Lebak",
          "Lutayan",
          "Lambayong",
          "Palimbang",
          "President Quirino",
          "City of Tacurong",
          "Sen. Ninoy Aquino"
        ]
      },
      {
        "province": "Sarangani",
        "cities": [
          "Alabel ",
          "Glan",
          "Kiamba",
          "Maasim",
          "Maitum",
          "Malapatan",
          "Malungon"
        ]
      }
    ]
  },
  {
    "region": "National Capital Region (NCR)",
    "provinces": [
      {
        "province": "NCR",
        "cities": [
          "Caloocan City",
          "Las Piñas City",
          "Makati City",
          "Malabon City",
          "Mandaluyong City",
          "City of Manila",
          "Marikina City",
          "Muntinlupa City",
          "Navotas City",
          "Parañaque City",
          "Pasay City",
          "Pasig City",
          "Quezon City",
          "San Juan City",
          "Taguig City",
          "Valenzuela City",
          "Pateros"
        ]
      }
    ]
  },
  {
    "region": "Cordillera Administrative Region (CAR)",
    "provinces": [
      {
        "province": "Abra",
        "cities": [
          "Bangued ",
          "Boliney",
          "Bucay",
          "Bucloc",
          "Daguioman",
          "Danglas",
          "Dolores",
          "La Paz",
          "Lacub",
          "Lagangilang",
          "Lagayan",
          "Langiden",
          "Licuan-Baay",
          "Luba",
          "Malibcong",
          "Manabo",
          "Peñarrubia",
          "Pidigan",
          "Pilar",
          "Sallapadan",
          "San Isidro",
          "San Juan",
          "San Quintin",
          "Tayum",
          "Tineg",
          "Tubo",
          "Villaviciosa"
        ]
      },
      {
        "province": "Benguet",
        "cities": [
          "Atok",
          "City of Baguio",
          "Bakun",
          "Bokod",
          "Buguias",
          "Itogon",
          "Kabayan",
          "Kapangan",
          "Kibungan",
          "La Trinidad ",
          "Mankayan",
          "Sablan",
          "Tuba",
          "Tublay"
        ]
      },
      {
        "province": "Ifugao",
        "cities": [
          "Banaue",
          "Hungduan",
          "Kiangan",
          "Lagawe ",
          "Lamut",
          "Mayoyao",
          "Alfonso Lista",
          "Aguinaldo",
          "Hingyon",
          "Tinoc",
          "Asipulo"
        ]
      },
      {
        "province": "Kalinga",
        "cities": [
          "Balbalan",
          "Lubuagan",
          "Pasil",
          "Pinukpuk",
          "Rizal",
          "City of Tabuk ",
          "Tanudan",
          "Tinglayan"
        ]
      },
      {
        "province": "Mountain Province",
        "cities": [
          "Barlig",
          "Bauko",
          "Besao",
          "Bontoc ",
          "Natonin",
          "Paracelis",
          "Sabangan",
          "Sadanga",
          "Sagada",
          "Tadian"
        ]
      },
      {
        "province": "Apayao",
        "cities": [
          "Calanasan",
          "Conner",
          "Flora",
          "Kabugao ",
          "Luna",
          "Pudtol",
          "Santa Marcela"
        ]
      }
    ]
  },
  {
    "region": "Region XIII (Caraga)",
    "provinces": [
      {
        "province": "Agusan del Norte",
        "cities": [
          "Buenavista",
          "City of Butuan ",
          "City of Cabadbaran",
          "Carmen",
          "Jabonga",
          "Kitcharao",
          "Las Nieves",
          "Magallanes",
          "Nasipit",
          "Santiago",
          "Tubay",
          "Remedios T. Romualdez"
        ]
      },
      {
        "province": "Agusan del Sur",
        "cities": [
          "City of Bayugan",
          "Bunawan",
          "Esperanza",
          "La Paz",
          "Loreto",
          "Prosperidad ",
          "Rosario",
          "San Francisco",
          "San Luis",
          "Santa Josefa",
          "Talacogon",
          "Trento",
          "Veruela",
          "Sibagat"
        ]
      },
      {
        "province": "Surigao del Norte",
        "cities": [
          "Alegria",
          "Bacuag",
          "Burgos",
          "Claver",
          "Dapa",
          "Del Carmen",
          "General Luna",
          "Gigaquit",
          "Mainit",
          "Malimono",
          "Pilar",
          "Placer",
          "San Benito",
          "San Francisco",
          "San Isidro",
          "Santa Monica",
          "Sison",
          "Socorro",
          "City of Surigao ",
          "Tagana-An",
          "Tubod"
        ]
      },
      {
        "province": "Surigao del Sur",
        "cities": [
          "Barobo",
          "Bayabas",
          "City of Bislig",
          "Cagwait",
          "Cantilan",
          "Carmen",
          "Carrascal",
          "Cortes",
          "Hinatuan",
          "Lanuza",
          "Lianga",
          "Lingig",
          "Madrid",
          "Marihatag",
          "San Agustin",
          "San Miguel",
          "Tagbina",
          "Tago",
          "City of Tandag "
        ]
      },
      {
        "province": "Dinagat Islands",
        "cities": [
          "Basilisa",
          "Cagdianao",
          "Dinagat",
          "Libjo",
          "Loreto",
          "San Jose ",
          "Tubajon"
        ]
      }
    ]
  },
  {
    "region": "Bangsamoro Autonomous Region In Muslim Mindanao (BARMM)",
    "provinces": [
      {
        "province": "Basilan",
        "cities": [
          "City of Lamitan ",
          "Lantawan",
          "Maluso",
          "Sumisip",
          "Tipo-Tipo",
          "Tuburan",
          "Akbar",
          "Al-Barka",
          "Hadji Mohammad Ajul",
          "Ungkaya Pukan",
          "Hadji Muhtamad",
          "Tabuan-Lasa"
        ]
      },
      {
        "province": "Lanao del Sur",
        "cities": [
          "Bacolod-Kalawi",
          "Balabagan",
          "Balindong",
          "Bayang",
          "Binidayan",
          "Bubong",
          "Butig",
          "Ganassi",
          "Kapai",
          "Lumba-Bayabao",
          "Lumbatan",
          "Madalum",
          "Madamba",
          "Malabang",
          "Marantao",
          "City of Marawi ",
          "Masiu",
          "Mulondo",
          "Pagayawan",
          "Piagapo",
          "Poona Bayabao",
          "Pualas",
          "Ditsaan-Ramain",
          "Saguiaran",
          "Tamparan",
          "Taraka",
          "Tubaran",
          "Tugaya",
          "Wao",
          "Marogong",
          "Calanogas",
          "Buadiposo-Buntong",
          "Maguing",
          "Picong",
          "Lumbayanague",
          "Amai Manabilang",
          "Tagoloan Ii",
          "Kapatagan",
          "Sultan Dumalondong",
          "Lumbaca-Unayan"
        ]
      },
      {
        "province": "Sulu",
        "cities": [
          "Indanan",
          "Jolo ",
          "Kalingalan Caluang",
          "Luuk",
          "Maimbung",
          "Hadji Panglima Tahil",
          "Old Panamao",
          "Pangutaran",
          "Parang",
          "Pata",
          "Patikul",
          "Siasi",
          "Talipao",
          "Tapul",
          "Tongkil",
          "Panglima Estino",
          "Lugus",
          "Pandami",
          "Omar"
        ]
      },
      {
        "province": "Tawi-Tawi",
        "cities": [
          "Panglima Sugala",
          "Bongao ",
          "Mapun",
          "Simunul",
          "Sitangkai",
          "South Ubian",
          "Tandubas",
          "Turtle Islands",
          "Languyan",
          "Sapa-Sapa",
          "Sibutu"
        ]
      },
      {
        "province": "Maguindanao del Norte",
        "cities": [
          "Barira",
          "Buldon",
          "City of Cotabato",
          "Datu Blah T. Sinsuat",
          "Datu Odin Sinsuat",
          "Kabuntalan",
          "Matanog",
          "Northern Kabuntalan",
          "Parang",
          "Sultan Kudarat",
          "Sultan Mastura",
          "Talitay",
          "Upi"
        ]
      },
      {
        "province": "Maguindanao del Sur",
        "cities": [
          "Ampatuan",
          "Buluan",
          "Datu Abdullah Sangki",
          "Datu Anggal Midtimbang",
          "Datu Hoffer Ampatuan",
          "Datu Paglas",
          "Datu Piang",
          "Datu Salibo",
          "Datu Saudi Ampatuan",
          "Datu Unsay",
          "Gen. S.K. Pendatun",
          "Guindulungan",
          "Mamasapano",
          "Mangudadatu",
          "Pagagawan",
          "Pagalungan",
          "Paglat",
          "Pandag",
          "Rajah Buayan",
          "Shariff Aguak",
          "Shariff Saydona Mustapha",
          "South Upi",
          "Sultan Sa Barongis",
          "Talayan",
          "Carmen Cluster",
          "Kabacan Cluster",
          "Midsayap Cluster I",
          "Midsayap Cluster II",
          "Pigcawayan Cluster",
          "Pikit Cluster I",
          "Pikit Cluster II",
          "Pikit Cluster III"
        ]
      }
    ]
  }
]
